{
	"format_version": "1.21.6",
	"credit": "Made with Blockbench",
	"textures": {
		"0": "item/carved_pumpkin/kroon_kirss",
		"particle": "item/carved_pumpkin/kroon_kirss"
	},
	"elements": [
		{
			"from": [5, 6.5, 3.9],
			"to": [7, 8.5, 3.9],
			"rotation": {"angle": 0, "axis": "y", "origin": [7, 6.5, 1.9]},
			"faces": {
				"north": {"uv": [3.2, 8, 6.4, 16], "rotation": 90, "texture": "#0"},
				"east": {"uv": [0, 0, 2, 0], "rotation": 270, "texture": "#0"},
				"south": {"uv": [3.2, 8, 6.4, 16], "rotation": 270, "texture": "#0"},
				"west": {"uv": [0, 0, 2, 0], "rotation": 270, "texture": "#0"},
				"up": {"uv": [0, 0, 0, 2], "rotation": 270, "texture": "#0"},
				"down": {"uv": [0, 0, 0, 2], "rotation": 270, "texture": "#0"}
			}
		},
		{
			"from": [9.3, 5.2, 3.9],
			"to": [11.3, 7.2, 3.9],
			"rotation": {"angle": 0, "axis": "y", "origin": [9.3, 5.2, 1.9]},
			"faces": {
				"north": {"uv": [3.2, 8, 6.4, 16], "texture": "#0"},
				"east": {"uv": [0, 0, 0, 2], "texture": "#0"},
				"south": {"uv": [3.2, 8, 6.4, 16], "texture": "#0"},
				"west": {"uv": [0, 0, 0, 2], "texture": "#0"},
				"up": {"uv": [0, 0, 2, 0], "texture": "#0"},
				"down": {"uv": [0, 0, 2, 0], "texture": "#0"}
			}
		},
		{
			"from": [8.9, 4.5, 12],
			"to": [10.9, 6.5, 12],
			"rotation": {"angle": 0, "axis": "y", "origin": [8.9, 6.5, 10]},
			"faces": {
				"north": {"uv": [3.2, 8, 6.4, 16], "rotation": 270, "texture": "#0"},
				"east": {"uv": [0, 0, 2, 0], "rotation": 90, "texture": "#0"},
				"south": {"uv": [3.2, 8, 6.4, 16], "rotation": 90, "texture": "#0"},
				"west": {"uv": [0, 0, 2, 0], "rotation": 90, "texture": "#0"},
				"up": {"uv": [0, 0, 0, 2], "rotation": 90, "texture": "#0"},
				"down": {"uv": [0, 0, 0, 2], "rotation": 90, "texture": "#0"}
			}
		},
		{
			"from": [4.9, 3.4, 12],
			"to": [6.9, 5.4, 12],
			"rotation": {"angle": 0, "axis": "y", "origin": [4.9, 3.4, 10]},
			"faces": {
				"north": {"uv": [3.2, 8, 6.4, 16], "texture": "#0"},
				"east": {"uv": [0, 0, 0, 2], "texture": "#0"},
				"south": {"uv": [3.2, 8, 6.4, 16], "texture": "#0"},
				"west": {"uv": [0, 0, 0, 2], "texture": "#0"},
				"up": {"uv": [0, 0, 2, 0], "texture": "#0"},
				"down": {"uv": [0, 0, 2, 0], "texture": "#0"}
			}
		},
		{
			"from": [12, 4.7, 4.9],
			"to": [12, 6.7, 6.9],
			"rotation": {"angle": 0, "axis": "y", "origin": [14, 4.7, 6.9]},
			"faces": {
				"north": {"uv": [0, 0, 2, 0], "rotation": 270, "texture": "#0"},
				"east": {"uv": [3.2, 8, 6.4, 16], "rotation": 90, "texture": "#0"},
				"south": {"uv": [0, 0, 2, 0], "rotation": 270, "texture": "#0"},
				"west": {"uv": [3.2, 8, 6.4, 16], "rotation": 270, "texture": "#0"},
				"up": {"uv": [0, 0, 0, 2], "texture": "#0"},
				"down": {"uv": [0, 0, 0, 2], "rotation": 180, "texture": "#0"}
			}
		},
		{
			"from": [3.9, 5.2, 4.5],
			"to": [3.9, 7.2, 6.5],
			"rotation": {"angle": 0, "axis": "y", "origin": [5.9, 7.2, 4.5]},
			"faces": {
				"north": {"uv": [0, 0, 2, 0], "rotation": 90, "texture": "#0"},
				"east": {"uv": [3.2, 8, 6.4, 16], "rotation": 270, "texture": "#0"},
				"south": {"uv": [0, 0, 2, 0], "rotation": 90, "texture": "#0"},
				"west": {"uv": [3.2, 8, 6.4, 16], "rotation": 90, "texture": "#0"},
				"up": {"uv": [0, 0, 0, 2], "rotation": 180, "texture": "#0"},
				"down": {"uv": [0, 0, 0, 2], "texture": "#0"}
			}
		},
		{
			"from": [3.9, 2.75, 7.15],
			"to": [3.9, 4.75, 9.15],
			"rotation": {"angle": 0, "axis": "y", "origin": [5.9, 2.75, 7.15]},
			"faces": {
				"north": {"uv": [0, 0, 0, 2], "texture": "#0"},
				"east": {"uv": [3.2, 8, 6.4, 16], "texture": "#0"},
				"south": {"uv": [0, 0, 0, 2], "texture": "#0"},
				"west": {"uv": [3.2, 8, 6.4, 16], "texture": "#0"},
				"up": {"uv": [0, 0, 2, 0], "rotation": 90, "texture": "#0"},
				"down": {"uv": [0, 0, 2, 0], "rotation": 270, "texture": "#0"}
			}
		},
		{
			"from": [3.9, 4.85, 9.95],
			"to": [3.9, 6.85, 11.95],
			"rotation": {"angle": 0, "axis": "y", "origin": [5.9, 6.85, 9.95]},
			"faces": {
				"north": {"uv": [0, 0, 2, 0], "rotation": 90, "texture": "#0"},
				"east": {"uv": [3.2, 8, 6.4, 16], "rotation": 270, "texture": "#0"},
				"south": {"uv": [0, 0, 2, 0], "rotation": 90, "texture": "#0"},
				"west": {"uv": [3.2, 8, 6.4, 16], "rotation": 90, "texture": "#0"},
				"up": {"uv": [0, 0, 0, 2], "rotation": 180, "texture": "#0"},
				"down": {"uv": [0, 0, 0, 2], "texture": "#0"}
			}
		},
		{
			"from": [12, 5.15, 8.9],
			"to": [12, 7.15, 10.9],
			"rotation": {"angle": 0, "axis": "y", "origin": [14, 5.15, 8.9]},
			"faces": {
				"north": {"uv": [0, 0, 0, 2], "texture": "#0"},
				"east": {"uv": [3.2, 8, 6.4, 16], "texture": "#0"},
				"south": {"uv": [0, 0, 0, 2], "texture": "#0"},
				"west": {"uv": [3.2, 8, 6.4, 16], "texture": "#0"},
				"up": {"uv": [0, 0, 2, 0], "rotation": 90, "texture": "#0"},
				"down": {"uv": [0, 0, 2, 0], "rotation": 270, "texture": "#0"}
			}
		},
		{
			"from": [5, 8.5, 3.9],
			"to": [7, 10.5, 3.9],
			"rotation": {"angle": -22.5, "axis": "x", "origin": [6, 8.5, 3.9]},
			"faces": {
				"north": {"uv": [6.4, 0, 9.6, 8], "rotation": 90, "texture": "#0"},
				"east": {"uv": [0, 0, 2, 0], "rotation": 270, "texture": "#0"},
				"south": {"uv": [3.2, 0, 6.4, 8], "rotation": 270, "texture": "#0"},
				"west": {"uv": [0, 0, 2, 0], "rotation": 270, "texture": "#0"},
				"up": {"uv": [0, 0, 0, 2], "rotation": 270, "texture": "#0"},
				"down": {"uv": [0, 0, 0, 2], "rotation": 270, "texture": "#0"}
			}
		},
		{
			"from": [3, 6.5, 3.9],
			"to": [5, 8.5, 3.9],
			"rotation": {"angle": -22.5, "axis": "y", "origin": [5, 7.5, 3.9]},
			"faces": {
				"north": {"uv": [3.2, 0, 6.4, 8], "rotation": 90, "texture": "#0"},
				"east": {"uv": [0, 0, 2, 0], "rotation": 270, "texture": "#0"},
				"south": {"uv": [6.4, 0, 9.6, 8], "rotation": 270, "texture": "#0"},
				"west": {"uv": [0, 0, 2, 0], "rotation": 270, "texture": "#0"},
				"up": {"uv": [0, 0, 0, 2], "rotation": 270, "texture": "#0"},
				"down": {"uv": [0, 0, 0, 2], "rotation": 270, "texture": "#0"}
			}
		},
		{
			"from": [5, 4.5, 3.9],
			"to": [7, 6.5, 3.9],
			"rotation": {"angle": 22.5, "axis": "x", "origin": [6, 6.5, 3.9]},
			"faces": {
				"north": {"uv": [0, 8, 3.2, 16], "rotation": 90, "texture": "#0"},
				"east": {"uv": [0, 0, 2, 0], "rotation": 270, "texture": "#0"},
				"south": {"uv": [0, 0, 3.2, 8], "rotation": 270, "texture": "#0"},
				"west": {"uv": [0, 0, 2, 0], "rotation": 270, "texture": "#0"},
				"up": {"uv": [0, 0, 0, 2], "rotation": 270, "texture": "#0"},
				"down": {"uv": [0, 0, 0, 2], "rotation": 270, "texture": "#0"}
			}
		},
		{
			"from": [7, 6.5, 3.9],
			"to": [9, 8.5, 3.9],
			"rotation": {"angle": 22.5, "axis": "y", "origin": [7, 7.5, 3.9]},
			"faces": {
				"north": {"uv": [0, 0, 3.2, 8], "rotation": 90, "texture": "#0"},
				"east": {"uv": [0, 0, 2, 0], "rotation": 270, "texture": "#0"},
				"south": {"uv": [0, 8, 3.2, 16], "rotation": 270, "texture": "#0"},
				"west": {"uv": [0, 0, 2, 0], "rotation": 270, "texture": "#0"},
				"up": {"uv": [0, 0, 0, 2], "rotation": 270, "texture": "#0"},
				"down": {"uv": [0, 0, 0, 2], "rotation": 270, "texture": "#0"}
			}
		},
		{
			"from": [9.3, 7.2, 3.9],
			"to": [11.3, 9.2, 3.9],
			"rotation": {"angle": -22.5, "axis": "x", "origin": [10.3, 7.2, 3.9]},
			"faces": {
				"north": {"uv": [6.4, 0, 9.6, 8], "texture": "#0"},
				"east": {"uv": [0, 0, 0, 2], "texture": "#0"},
				"south": {"uv": [3.2, 0, 6.4, 8], "texture": "#0"},
				"west": {"uv": [0, 0, 0, 2], "texture": "#0"},
				"up": {"uv": [0, 0, 2, 0], "texture": "#0"},
				"down": {"uv": [0, 0, 2, 0], "texture": "#0"}
			}
		},
		{
			"from": [11.3, 5.2, 3.9],
			"to": [13.3, 7.2, 3.9],
			"rotation": {"angle": 22.5, "axis": "y", "origin": [11.3, 6.2, 3.9]},
			"faces": {
				"north": {"uv": [0, 0, 3.2, 8], "texture": "#0"},
				"east": {"uv": [0, 0, 0, 2], "texture": "#0"},
				"south": {"uv": [0, 8, 3.2, 16], "texture": "#0"},
				"west": {"uv": [0, 0, 0, 2], "texture": "#0"},
				"up": {"uv": [0, 0, 2, 0], "texture": "#0"},
				"down": {"uv": [0, 0, 2, 0], "texture": "#0"}
			}
		},
		{
			"from": [9.3, 3.2, 3.9],
			"to": [11.3, 5.2, 3.9],
			"rotation": {"angle": 22.5, "axis": "x", "origin": [10.3, 5.2, 3.9]},
			"faces": {
				"north": {"uv": [0, 8, 3.2, 16], "texture": "#0"},
				"east": {"uv": [0, 0, 0, 2], "texture": "#0"},
				"south": {"uv": [0, 0, 3.2, 8], "texture": "#0"},
				"west": {"uv": [0, 0, 0, 2], "texture": "#0"},
				"up": {"uv": [0, 0, 2, 0], "texture": "#0"},
				"down": {"uv": [0, 0, 2, 0], "texture": "#0"}
			}
		},
		{
			"from": [7.3, 5.2, 3.9],
			"to": [9.3, 7.2, 3.9],
			"rotation": {"angle": -22.5, "axis": "y", "origin": [9.3, 6.2, 3.9]},
			"faces": {
				"north": {"uv": [3.2, 0, 6.4, 8], "texture": "#0"},
				"east": {"uv": [0, 0, 0, 2], "texture": "#0"},
				"south": {"uv": [6.4, 0, 9.6, 8], "texture": "#0"},
				"west": {"uv": [0, 0, 0, 2], "texture": "#0"},
				"up": {"uv": [0, 0, 2, 0], "texture": "#0"},
				"down": {"uv": [0, 0, 2, 0], "texture": "#0"}
			}
		},
		{
			"from": [12, 6.7, 4.9],
			"to": [12, 8.7, 6.9],
			"rotation": {"angle": -22.5, "axis": "z", "origin": [12, 6.7, 5.9]},
			"faces": {
				"north": {"uv": [0, 0, 2, 0], "rotation": 270, "texture": "#0"},
				"east": {"uv": [6.4, 0, 9.6, 8], "rotation": 90, "texture": "#0"},
				"south": {"uv": [0, 0, 2, 0], "rotation": 270, "texture": "#0"},
				"west": {"uv": [3.2, 0, 6.4, 8], "rotation": 270, "texture": "#0"},
				"up": {"uv": [0, 0, 0, 2], "texture": "#0"},
				"down": {"uv": [0, 0, 0, 2], "rotation": 180, "texture": "#0"}
			}
		},
		{
			"from": [12, 2.7, 4.9],
			"to": [12, 4.7, 6.9],
			"rotation": {"angle": 22.5, "axis": "z", "origin": [12, 4.7, 5.9]},
			"faces": {
				"north": {"uv": [0, 0, 2, 0], "rotation": 270, "texture": "#0"},
				"east": {"uv": [0, 8, 3.2, 16], "rotation": 90, "texture": "#0"},
				"south": {"uv": [0, 0, 2, 0], "rotation": 270, "texture": "#0"},
				"west": {"uv": [0, 0, 3.2, 8], "rotation": 270, "texture": "#0"},
				"up": {"uv": [0, 0, 0, 2], "texture": "#0"},
				"down": {"uv": [0, 0, 0, 2], "rotation": 180, "texture": "#0"}
			}
		},
		{
			"from": [12, 4.7, 6.9],
			"to": [12, 6.7, 8.9],
			"rotation": {"angle": 22.5, "axis": "y", "origin": [12, 5.7, 6.9]},
			"faces": {
				"north": {"uv": [0, 0, 2, 0], "rotation": 270, "texture": "#0"},
				"east": {"uv": [0, 0, 3.2, 8], "rotation": 90, "texture": "#0"},
				"south": {"uv": [0, 0, 2, 0], "rotation": 270, "texture": "#0"},
				"west": {"uv": [0, 8, 3.2, 16], "rotation": 270, "texture": "#0"},
				"up": {"uv": [0, 0, 0, 2], "texture": "#0"},
				"down": {"uv": [0, 0, 0, 2], "rotation": 180, "texture": "#0"}
			}
		},
		{
			"from": [12, 4.7, 2.9],
			"to": [12, 6.7, 4.9],
			"rotation": {"angle": -22.5, "axis": "y", "origin": [12, 5.7, 4.9]},
			"faces": {
				"north": {"uv": [0, 0, 2, 0], "rotation": 270, "texture": "#0"},
				"east": {"uv": [3.2, 0, 6.4, 8], "rotation": 90, "texture": "#0"},
				"south": {"uv": [0, 0, 2, 0], "rotation": 270, "texture": "#0"},
				"west": {"uv": [6.4, 0, 9.6, 8], "rotation": 270, "texture": "#0"},
				"up": {"uv": [0, 0, 0, 2], "texture": "#0"},
				"down": {"uv": [0, 0, 0, 2], "rotation": 180, "texture": "#0"}
			}
		},
		{
			"from": [12, 5.15, 6.9],
			"to": [12, 7.15, 8.9],
			"rotation": {"angle": -22.5, "axis": "y", "origin": [12, 6.15, 8.9]},
			"faces": {
				"north": {"uv": [0, 0, 0, 2], "texture": "#0"},
				"east": {"uv": [0, 8, 3.2, 16], "texture": "#0"},
				"south": {"uv": [0, 0, 0, 2], "texture": "#0"},
				"west": {"uv": [0, 0, 3.2, 8], "texture": "#0"},
				"up": {"uv": [0, 0, 2, 0], "rotation": 90, "texture": "#0"},
				"down": {"uv": [0, 0, 2, 0], "rotation": 270, "texture": "#0"}
			}
		},
		{
			"from": [12, 7.15, 8.9],
			"to": [12, 9.15, 10.9],
			"rotation": {"angle": -22.5, "axis": "z", "origin": [12, 7.15, 9.9]},
			"faces": {
				"north": {"uv": [0, 0, 0, 2], "texture": "#0"},
				"east": {"uv": [3.2, 0, 6.4, 8], "texture": "#0"},
				"south": {"uv": [0, 0, 0, 2], "texture": "#0"},
				"west": {"uv": [6.4, 0, 9.6, 8], "texture": "#0"},
				"up": {"uv": [0, 0, 2, 0], "rotation": 90, "texture": "#0"},
				"down": {"uv": [0, 0, 2, 0], "rotation": 270, "texture": "#0"}
			}
		},
		{
			"from": [12, 5.15, 10.9],
			"to": [12, 7.15, 12.9],
			"rotation": {"angle": 22.5, "axis": "y", "origin": [12, 6.15, 10.9]},
			"faces": {
				"north": {"uv": [0, 0, 0, 2], "texture": "#0"},
				"east": {"uv": [6.4, 0, 9.6, 8], "texture": "#0"},
				"south": {"uv": [0, 0, 0, 2], "texture": "#0"},
				"west": {"uv": [3.2, 0, 6.4, 8], "texture": "#0"},
				"up": {"uv": [0, 0, 2, 0], "rotation": 90, "texture": "#0"},
				"down": {"uv": [0, 0, 2, 0], "rotation": 270, "texture": "#0"}
			}
		},
		{
			"from": [12, 3.15, 8.9],
			"to": [12, 5.15, 10.9],
			"rotation": {"angle": 22.5, "axis": "z", "origin": [12, 5.15, 9.9]},
			"faces": {
				"north": {"uv": [0, 0, 0, 2], "texture": "#0"},
				"east": {"uv": [0, 0, 3.2, 8], "texture": "#0"},
				"south": {"uv": [0, 0, 0, 2], "texture": "#0"},
				"west": {"uv": [0, 8, 3.2, 16], "texture": "#0"},
				"up": {"uv": [0, 0, 2, 0], "rotation": 90, "texture": "#0"},
				"down": {"uv": [0, 0, 2, 0], "rotation": 270, "texture": "#0"}
			}
		},
		{
			"from": [8.9, 6.5, 12],
			"to": [10.9, 8.5, 12],
			"rotation": {"angle": 22.5, "axis": "x", "origin": [9.9, 6.5, 12]},
			"faces": {
				"north": {"uv": [0, 8, 3.2, 16], "rotation": 270, "texture": "#0"},
				"east": {"uv": [0, 0, 2, 0], "rotation": 90, "texture": "#0"},
				"south": {"uv": [0, 0, 3.2, 8], "rotation": 90, "texture": "#0"},
				"west": {"uv": [0, 0, 2, 0], "rotation": 90, "texture": "#0"},
				"up": {"uv": [0, 0, 0, 2], "rotation": 90, "texture": "#0"},
				"down": {"uv": [0, 0, 0, 2], "rotation": 90, "texture": "#0"}
			}
		},
		{
			"from": [6.9, 4.5, 12],
			"to": [8.9, 6.5, 12],
			"rotation": {"angle": 22.5, "axis": "y", "origin": [8.9, 5.5, 12]},
			"faces": {
				"north": {"uv": [0, 0, 3.2, 8], "rotation": 270, "texture": "#0"},
				"east": {"uv": [0, 0, 2, 0], "rotation": 90, "texture": "#0"},
				"south": {"uv": [0, 8, 3.2, 16], "rotation": 90, "texture": "#0"},
				"west": {"uv": [0, 0, 2, 0], "rotation": 90, "texture": "#0"},
				"up": {"uv": [0, 0, 0, 2], "rotation": 90, "texture": "#0"},
				"down": {"uv": [0, 0, 0, 2], "rotation": 90, "texture": "#0"}
			}
		},
		{
			"from": [8.9, 2.5, 12],
			"to": [10.9, 4.5, 12],
			"rotation": {"angle": -22.5, "axis": "x", "origin": [9.9, 4.5, 12]},
			"faces": {
				"north": {"uv": [6.4, 0, 9.6, 8], "rotation": 270, "texture": "#0"},
				"east": {"uv": [0, 0, 2, 0], "rotation": 90, "texture": "#0"},
				"south": {"uv": [3.2, 0, 6.4, 8], "rotation": 90, "texture": "#0"},
				"west": {"uv": [0, 0, 2, 0], "rotation": 90, "texture": "#0"},
				"up": {"uv": [0, 0, 0, 2], "rotation": 90, "texture": "#0"},
				"down": {"uv": [0, 0, 0, 2], "rotation": 90, "texture": "#0"}
			}
		},
		{
			"from": [10.9, 4.5, 12],
			"to": [12.9, 6.5, 12],
			"rotation": {"angle": -22.5, "axis": "y", "origin": [10.9, 5.5, 12]},
			"faces": {
				"north": {"uv": [3.2, 0, 6.4, 8], "rotation": 270, "texture": "#0"},
				"east": {"uv": [0, 0, 2, 0], "rotation": 90, "texture": "#0"},
				"south": {"uv": [6.4, 0, 9.6, 8], "rotation": 90, "texture": "#0"},
				"west": {"uv": [0, 0, 2, 0], "rotation": 90, "texture": "#0"},
				"up": {"uv": [0, 0, 0, 2], "rotation": 90, "texture": "#0"},
				"down": {"uv": [0, 0, 0, 2], "rotation": 90, "texture": "#0"}
			}
		},
		{
			"from": [6.9, 3.4, 12],
			"to": [8.9, 5.4, 12],
			"rotation": {"angle": -22.5, "axis": "y", "origin": [6.9, 4.4, 12]},
			"faces": {
				"north": {"uv": [0, 0, 3.2, 8], "texture": "#0"},
				"east": {"uv": [0, 0, 0, 2], "texture": "#0"},
				"south": {"uv": [0, 8, 3.2, 16], "texture": "#0"},
				"west": {"uv": [0, 0, 0, 2], "texture": "#0"},
				"up": {"uv": [0, 0, 2, 0], "texture": "#0"},
				"down": {"uv": [0, 0, 2, 0], "texture": "#0"}
			}
		},
		{
			"from": [4.9, 5.4, 12],
			"to": [6.9, 7.4, 12],
			"rotation": {"angle": 22.5, "axis": "x", "origin": [5.9, 5.4, 12]},
			"faces": {
				"north": {"uv": [6.4, 0, 9.6, 8], "texture": "#0"},
				"east": {"uv": [0, 0, 0, 2], "texture": "#0"},
				"south": {"uv": [3.2, 0, 6.4, 8], "texture": "#0"},
				"west": {"uv": [0, 0, 0, 2], "texture": "#0"},
				"up": {"uv": [0, 0, 2, 0], "texture": "#0"},
				"down": {"uv": [0, 0, 2, 0], "texture": "#0"}
			}
		},
		{
			"from": [4.9, 1.4, 12],
			"to": [6.9, 3.4, 12],
			"rotation": {"angle": -22.5, "axis": "x", "origin": [5.9, 3.4, 12]},
			"faces": {
				"north": {"uv": [0, 8, 3.2, 16], "texture": "#0"},
				"east": {"uv": [0, 0, 0, 2], "texture": "#0"},
				"south": {"uv": [0, 0, 3.2, 8], "texture": "#0"},
				"west": {"uv": [0, 0, 0, 2], "texture": "#0"},
				"up": {"uv": [0, 0, 2, 0], "texture": "#0"},
				"down": {"uv": [0, 0, 2, 0], "texture": "#0"}
			}
		},
		{
			"from": [2.9, 3.4, 12],
			"to": [4.9, 5.4, 12],
			"rotation": {"angle": 22.5, "axis": "y", "origin": [4.9, 4.4, 12]},
			"faces": {
				"north": {"uv": [3.2, 0, 6.4, 8], "texture": "#0"},
				"east": {"uv": [0, 0, 0, 2], "texture": "#0"},
				"south": {"uv": [6.4, 0, 9.6, 8], "texture": "#0"},
				"west": {"uv": [0, 0, 0, 2], "texture": "#0"},
				"up": {"uv": [0, 0, 2, 0], "texture": "#0"},
				"down": {"uv": [0, 0, 2, 0], "texture": "#0"}
			}
		},
		{
			"from": [3.9, 5.2, 2.5],
			"to": [3.9, 7.2, 4.5],
			"rotation": {"angle": 22.5, "axis": "y", "origin": [3.9, 6.2, 4.5]},
			"faces": {
				"north": {"uv": [0, 0, 2, 0], "rotation": 90, "texture": "#0"},
				"east": {"uv": [0, 0, 3.2, 8], "rotation": 270, "texture": "#0"},
				"south": {"uv": [0, 0, 2, 0], "rotation": 90, "texture": "#0"},
				"west": {"uv": [0, 8, 3.2, 16], "rotation": 90, "texture": "#0"},
				"up": {"uv": [0, 0, 0, 2], "rotation": 180, "texture": "#0"},
				"down": {"uv": [0, 0, 0, 2], "texture": "#0"}
			}
		},
		{
			"from": [3.9, 4.85, 11.95],
			"to": [3.9, 6.85, 13.95],
			"rotation": {"angle": -22.5, "axis": "y", "origin": [3.9, 5.85, 11.95]},
			"faces": {
				"north": {"uv": [0, 0, 2, 0], "rotation": 90, "texture": "#0"},
				"east": {"uv": [6.4, 0, 9.6, 8], "rotation": 270, "texture": "#0"},
				"south": {"uv": [0, 0, 2, 0], "rotation": 90, "texture": "#0"},
				"west": {"uv": [3.2, 0, 6.4, 8], "rotation": 90, "texture": "#0"},
				"up": {"uv": [0, 0, 0, 2], "rotation": 180, "texture": "#0"},
				"down": {"uv": [0, 0, 0, 2], "texture": "#0"}
			}
		},
		{
			"from": [3.9, 7.2, 4.5],
			"to": [3.9, 9.2, 6.5],
			"rotation": {"angle": 22.5, "axis": "z", "origin": [3.9, 7.2, 5.5]},
			"faces": {
				"north": {"uv": [0, 0, 2, 0], "rotation": 90, "texture": "#0"},
				"east": {"uv": [0, 8, 3.2, 16], "rotation": 270, "texture": "#0"},
				"south": {"uv": [0, 0, 2, 0], "rotation": 90, "texture": "#0"},
				"west": {"uv": [0, 0, 3.2, 8], "rotation": 90, "texture": "#0"},
				"up": {"uv": [0, 0, 0, 2], "rotation": 180, "texture": "#0"},
				"down": {"uv": [0, 0, 0, 2], "texture": "#0"}
			}
		},
		{
			"from": [3.9, 3.2, 4.5],
			"to": [3.9, 5.2, 6.5],
			"rotation": {"angle": -22.5, "axis": "z", "origin": [3.9, 5.2, 5.5]},
			"faces": {
				"north": {"uv": [0, 0, 2, 0], "rotation": 90, "texture": "#0"},
				"east": {"uv": [6.4, 0, 9.6, 8], "rotation": 270, "texture": "#0"},
				"south": {"uv": [0, 0, 2, 0], "rotation": 90, "texture": "#0"},
				"west": {"uv": [3.2, 0, 6.4, 8], "rotation": 90, "texture": "#0"},
				"up": {"uv": [0, 0, 0, 2], "rotation": 180, "texture": "#0"},
				"down": {"uv": [0, 0, 0, 2], "texture": "#0"}
			}
		},
		{
			"from": [3.9, 5.2, 6.5],
			"to": [3.9, 7.2, 8.5],
			"rotation": {"angle": -22.5, "axis": "y", "origin": [3.9, 6.2, 6.5]},
			"faces": {
				"north": {"uv": [0, 0, 2, 0], "rotation": 90, "texture": "#0"},
				"east": {"uv": [3.2, 0, 6.4, 8], "rotation": 270, "texture": "#0"},
				"south": {"uv": [0, 0, 2, 0], "rotation": 90, "texture": "#0"},
				"west": {"uv": [6.4, 0, 9.6, 8], "rotation": 90, "texture": "#0"},
				"up": {"uv": [0, 0, 0, 2], "rotation": 180, "texture": "#0"},
				"down": {"uv": [0, 0, 0, 2], "texture": "#0"}
			}
		},
		{
			"from": [3.9, 4.75, 7.15],
			"to": [3.9, 6.75, 9.15],
			"rotation": {"angle": 22.5, "axis": "z", "origin": [3.9, 4.75, 8.15]},
			"faces": {
				"north": {"uv": [0, 0, 0, 2], "texture": "#0"},
				"east": {"uv": [3.2, 0, 6.4, 8], "texture": "#0"},
				"south": {"uv": [0, 0, 0, 2], "texture": "#0"},
				"west": {"uv": [6.4, 0, 9.6, 8], "texture": "#0"},
				"up": {"uv": [0, 0, 2, 0], "rotation": 90, "texture": "#0"},
				"down": {"uv": [0, 0, 2, 0], "rotation": 270, "texture": "#0"}
			}
		},
		{
			"from": [3.9, 2.75, 5.15],
			"to": [3.9, 4.75, 7.15],
			"rotation": {"angle": 22.5, "axis": "y", "origin": [3.9, 3.75, 7.15]},
			"faces": {
				"north": {"uv": [0, 0, 0, 2], "texture": "#0"},
				"east": {"uv": [0, 8, 3.2, 16], "texture": "#0"},
				"south": {"uv": [0, 0, 0, 2], "texture": "#0"},
				"west": {"uv": [0, 0, 3.2, 8], "texture": "#0"},
				"up": {"uv": [0, 0, 2, 0], "rotation": 90, "texture": "#0"},
				"down": {"uv": [0, 0, 2, 0], "rotation": 270, "texture": "#0"}
			}
		},
		{
			"from": [3.9, 0.75, 7.15],
			"to": [3.9, 2.75, 9.15],
			"rotation": {"angle": -22.5, "axis": "z", "origin": [3.9, 2.75, 8.15]},
			"faces": {
				"north": {"uv": [0, 0, 0, 2], "texture": "#0"},
				"east": {"uv": [0, 0, 3.2, 8], "texture": "#0"},
				"south": {"uv": [0, 0, 0, 2], "texture": "#0"},
				"west": {"uv": [0, 8, 3.2, 16], "texture": "#0"},
				"up": {"uv": [0, 0, 2, 0], "rotation": 90, "texture": "#0"},
				"down": {"uv": [0, 0, 2, 0], "rotation": 270, "texture": "#0"}
			}
		},
		{
			"from": [3.9, 2.75, 9.15],
			"to": [3.9, 4.75, 11.15],
			"rotation": {"angle": -22.5, "axis": "y", "origin": [3.9, 3.75, 9.15]},
			"faces": {
				"north": {"uv": [0, 0, 0, 2], "texture": "#0"},
				"east": {"uv": [6.4, 0, 9.6, 8], "texture": "#0"},
				"south": {"uv": [0, 0, 0, 2], "texture": "#0"},
				"west": {"uv": [3.2, 0, 6.4, 8], "texture": "#0"},
				"up": {"uv": [0, 0, 2, 0], "rotation": 90, "texture": "#0"},
				"down": {"uv": [0, 0, 2, 0], "rotation": 270, "texture": "#0"}
			}
		},
		{
			"from": [3.9, 2.85, 9.95],
			"to": [3.9, 4.85, 11.95],
			"rotation": {"angle": -22.5, "axis": "z", "origin": [3.9, 4.85, 10.95]},
			"faces": {
				"north": {"uv": [0, 0, 2, 0], "rotation": 90, "texture": "#0"},
				"east": {"uv": [0, 0, 3.2, 8], "rotation": 270, "texture": "#0"},
				"south": {"uv": [0, 0, 2, 0], "rotation": 90, "texture": "#0"},
				"west": {"uv": [0, 8, 3.2, 16], "rotation": 90, "texture": "#0"},
				"up": {"uv": [0, 0, 0, 2], "rotation": 180, "texture": "#0"},
				"down": {"uv": [0, 0, 0, 2], "texture": "#0"}
			}
		},
		{
			"from": [3.9, 4.85, 7.95],
			"to": [3.9, 6.85, 9.95],
			"rotation": {"angle": 22.5, "axis": "y", "origin": [3.9, 5.85, 9.95]},
			"faces": {
				"north": {"uv": [0, 0, 2, 0], "rotation": 90, "texture": "#0"},
				"east": {"uv": [0, 8, 3.2, 16], "rotation": 270, "texture": "#0"},
				"south": {"uv": [0, 0, 2, 0], "rotation": 90, "texture": "#0"},
				"west": {"uv": [0, 0, 3.2, 8], "rotation": 90, "texture": "#0"},
				"up": {"uv": [0, 0, 0, 2], "rotation": 180, "texture": "#0"},
				"down": {"uv": [0, 0, 0, 2], "texture": "#0"}
			}
		},
		{
			"from": [3.9, 6.85, 9.95],
			"to": [3.9, 8.85, 11.95],
			"rotation": {"angle": 22.5, "axis": "z", "origin": [3.9, 6.85, 10.95]},
			"faces": {
				"north": {"uv": [0, 0, 2, 0], "rotation": 90, "texture": "#0"},
				"east": {"uv": [3.2, 0, 6.4, 8], "rotation": 270, "texture": "#0"},
				"south": {"uv": [0, 0, 2, 0], "rotation": 90, "texture": "#0"},
				"west": {"uv": [6.4, 0, 9.6, 8], "rotation": 90, "texture": "#0"},
				"up": {"uv": [0, 0, 0, 2], "rotation": 180, "texture": "#0"},
				"down": {"uv": [0, 0, 0, 2], "texture": "#0"}
			}
		},
		{
			"from": [3.9, 5.85, 7.95],
			"to": [3.9, 7.85, 9.95],
			"rotation": {"angle": 0, "axis": "y", "origin": [5.9, 7.85, 7.95]},
			"faces": {
				"north": {"uv": [0, 0, 2, 0], "rotation": 90, "texture": "#0"},
				"east": {"uv": [12.8, 8, 16, 16], "rotation": 270, "texture": "#0"},
				"south": {"uv": [0, 0, 2, 0], "rotation": 90, "texture": "#0"},
				"west": {"uv": [9.6, 8, 12.8, 16], "rotation": 90, "texture": "#0"},
				"up": {"uv": [0, 0, 0, 2], "rotation": 180, "texture": "#0"},
				"down": {"uv": [0, 0, 0, 2], "texture": "#0"}
			}
		},
		{
			"from": [3.9, 3.15, 4.45],
			"to": [3.9, 5.15, 6.45],
			"rotation": {"angle": 0, "axis": "y", "origin": [5.9, 5.15, 4.45]},
			"faces": {
				"north": {"uv": [0, 0, 2, 0], "rotation": 90, "texture": "#0"},
				"east": {"uv": [9.6, 8, 12.8, 16], "rotation": 270, "texture": "#0"},
				"south": {"uv": [0, 0, 2, 0], "rotation": 90, "texture": "#0"},
				"west": {"uv": [12.8, 8, 16, 16], "rotation": 90, "texture": "#0"},
				"up": {"uv": [0, 0, 0, 2], "rotation": 180, "texture": "#0"},
				"down": {"uv": [0, 0, 0, 2], "texture": "#0"}
			}
		},
		{
			"from": [7, 7, 3.9],
			"to": [9, 9, 3.9],
			"rotation": {"angle": 0, "axis": "y", "origin": [9, 7, 1.9]},
			"faces": {
				"north": {"uv": [9.6, 8, 12.8, 16], "rotation": 90, "texture": "#0"},
				"east": {"uv": [0, 0, 2, 0], "rotation": 270, "texture": "#0"},
				"south": {"uv": [12.8, 8, 16, 16], "rotation": 270, "texture": "#0"},
				"west": {"uv": [0, 0, 2, 0], "rotation": 270, "texture": "#0"},
				"up": {"uv": [0, 0, 0, 2], "rotation": 270, "texture": "#0"},
				"down": {"uv": [0, 0, 0, 2], "rotation": 270, "texture": "#0"}
			}
		},
		{
			"from": [10.3, 3.2, 3.9],
			"to": [12.3, 5.2, 3.9],
			"rotation": {"angle": 0, "axis": "y", "origin": [10.3, 3.2, 1.9]},
			"faces": {
				"north": {"uv": [9.6, 8, 12.8, 16], "texture": "#0"},
				"east": {"uv": [0, 0, 0, 2], "texture": "#0"},
				"south": {"uv": [12.8, 8, 16, 16], "texture": "#0"},
				"west": {"uv": [0, 0, 0, 2], "texture": "#0"},
				"up": {"uv": [0, 0, 2, 0], "texture": "#0"},
				"down": {"uv": [0, 0, 2, 0], "texture": "#0"}
			}
		},
		{
			"from": [12, 6.7, 5.6],
			"to": [12, 8.7, 7.6],
			"rotation": {"angle": 0, "axis": "y", "origin": [14, 6.7, 7.6]},
			"faces": {
				"north": {"uv": [0, 0, 2, 0], "rotation": 270, "texture": "#0"},
				"east": {"uv": [12.8, 0, 16, 8], "rotation": 90, "texture": "#0"},
				"south": {"uv": [0, 0, 2, 0], "rotation": 270, "texture": "#0"},
				"west": {"uv": [9.6, 0, 12.8, 8], "rotation": 270, "texture": "#0"},
				"up": {"uv": [0, 0, 0, 2], "texture": "#0"},
				"down": {"uv": [0, 0, 0, 2], "rotation": 180, "texture": "#0"}
			}
		},
		{
			"from": [12, 3.15, 8.2],
			"to": [12, 5.15, 10.2],
			"rotation": {"angle": 0, "axis": "y", "origin": [14, 3.15, 8.2]},
			"faces": {
				"north": {"uv": [0, 0, 0, 2], "texture": "#0"},
				"east": {"uv": [9.6, 8, 12.8, 16], "texture": "#0"},
				"south": {"uv": [0, 0, 0, 2], "texture": "#0"},
				"west": {"uv": [12.8, 8, 16, 16], "texture": "#0"},
				"up": {"uv": [0, 0, 2, 0], "rotation": 90, "texture": "#0"},
				"down": {"uv": [0, 0, 2, 0], "rotation": 270, "texture": "#0"}
			}
		},
		{
			"from": [10.15, 6.5, 12],
			"to": [12.15, 8.5, 12],
			"rotation": {"angle": 0, "axis": "y", "origin": [10.15, 8.5, 10]},
			"faces": {
				"north": {"uv": [9.6, 0, 12.8, 8], "rotation": 270, "texture": "#0"},
				"east": {"uv": [0, 0, 2, 0], "rotation": 90, "texture": "#0"},
				"south": {"uv": [12.8, 0, 16, 8], "rotation": 90, "texture": "#0"},
				"west": {"uv": [0, 0, 2, 0], "rotation": 90, "texture": "#0"},
				"up": {"uv": [0, 0, 0, 2], "rotation": 90, "texture": "#0"},
				"down": {"uv": [0, 0, 0, 2], "rotation": 90, "texture": "#0"}
			}
		},
		{
			"from": [6.4, 1.4, 12],
			"to": [8.4, 3.4, 12],
			"rotation": {"angle": 0, "axis": "y", "origin": [6.4, 1.4, 10]},
			"faces": {
				"north": {"uv": [9.6, 8, 12.8, 16], "texture": "#0"},
				"east": {"uv": [0, 0, 0, 2], "texture": "#0"},
				"south": {"uv": [12.8, 8, 16, 16], "texture": "#0"},
				"west": {"uv": [0, 0, 0, 2], "texture": "#0"},
				"up": {"uv": [0, 0, 2, 0], "texture": "#0"},
				"down": {"uv": [0, 0, 2, 0], "texture": "#0"}
			}
		},
		{
			"from": [2.9, 3.4, 12],
			"to": [4.9, 5.4, 12],
			"rotation": {"angle": 0, "axis": "y", "origin": [2.9, 3.4, 10]},
			"faces": {
				"north": {"uv": [12.8, 8, 16, 16], "texture": "#0"},
				"east": {"uv": [0, 0, 0, 2], "texture": "#0"},
				"south": {"uv": [9.6, 8, 12.8, 16], "texture": "#0"},
				"west": {"uv": [0, 0, 0, 2], "texture": "#0"},
				"up": {"uv": [0, 0, 2, 0], "texture": "#0"},
				"down": {"uv": [0, 0, 2, 0], "texture": "#0"}
			}
		},
		{
			"from": [3.75, 4.5, 3.9],
			"to": [5.75, 6.5, 3.9],
			"rotation": {"angle": 0, "axis": "y", "origin": [5.75, 4.5, 1.9]},
			"faces": {
				"north": {"uv": [9.6, 0, 12.8, 8], "rotation": 90, "texture": "#0"},
				"east": {"uv": [0, 0, 2, 0], "rotation": 270, "texture": "#0"},
				"south": {"uv": [12.8, 0, 16, 8], "rotation": 270, "texture": "#0"},
				"west": {"uv": [0, 0, 2, 0], "rotation": 270, "texture": "#0"},
				"up": {"uv": [0, 0, 0, 2], "rotation": 270, "texture": "#0"},
				"down": {"uv": [0, 0, 0, 2], "rotation": 270, "texture": "#0"}
			}
		}
	],
	"display": {
		"thirdperson_righthand": {
			"rotation": [75, 45, 0],
			"translation": [0, 2.5, 1],
			"scale": [0.6, 0.6, 0.6]
		},
		"thirdperson_lefthand": {
			"rotation": [75, 45, 0],
			"translation": [0, 2.5, 1],
			"scale": [0.6, 0.6, 0.6]
		},
		"firstperson_righthand": {
			"rotation": [0, 45, 0],
			"translation": [0.25, 1.75, 0],
			"scale": [0.6, 0.6, 0.6]
		},
		"firstperson_lefthand": {
			"rotation": [0, 45, 0],
			"translation": [0.25, 1.75, 0],
			"scale": [0.6, 0.6, 0.6]
		},
		"ground": {
			"translation": [0, 1.75, 0]
		},
		"gui": {
			"rotation": [30, -135, 0],
			"translation": [-0.25, 1.75, 0],
			"scale": [1, 1, 1.1]
		},
		"head": {
			"translation": [0, 8.5, 0],
			"scale": [1.9, 1.9, 1.9]
		},
		"fixed": {
			"rotation": [90, 0, -180],
			"translation": [0, 0, -3.5]
		}
	},
	"groups": [
		{
			"name": "cores",
			"origin": [8, 8, 8],
			"color": 0,
			"children": [0, 1, 2, 3, 4, 5, 6, 7, 8]
		},
		{
			"name": "petals",
			"origin": [8, 8, 8],
			"color": 0,
			"children": [9, 10, 11, 12, 13, 14, 15, 16, 17, 18, 19, 20, 21, 22, 23, 24, 25, 26, 27, 28, 29, 30, 31, 32, 33, 34, 35, 36, 37, 38, 39, 40, 41, 42, 43, 44]
		},
		{
			"name": "leaves",
			"origin": [8, 8, 8],
			"color": 0,
			"children": [45, 46, 47, 48, 49, 50, 51, 52, 53, 54]
		}
	]
}