{
  "model": {
    "type": "minecraft:condition",
    "property": "minecraft:has_component",
    "component": "minecraft:custom_name",
    "on_true": {
      "type": "minecraft:select",
      "property": "minecraft:component",
      "component": "minecraft:custom_name",
      "cases": [
        {
          "when": "Kirsi kroon",
          "model": {
            "type": "minecraft:model",
            "model": "minecraft:item/carved_pumpkin/kroon_kirss",
            "tints": []
          }
        },
        {
          "when": "Kroon",
          "model": {
            "type": "minecraft:model",
            "model": "minecraft:item/carved_pumpkin/kroon",
            "tints": []
          }
        }
      ],
      "fallback": {
        "type": "minecraft:model",
        "model": "minecraft:item/carved_pumpkin"
      }
    },
    "on_false": {
      "type": "minecraft:model",
      "model": "minecraft:item/carved_pumpkin"
    }
  }
}