{
	"format_version": "1.21.6",
	"credit": "Made with Blockbench",
	"textures": {
		"0": "item/carved_pumpkin/kroon",
		"particle": "item/carved_pumpkin/kroon"
	},
	"elements": [
		{
			"from": [4, 8.7, 3],
			"to": [13, 9.7, 4],
			"rotation": {"angle": 0, "axis": "z", "origin": [7, 6.7, 2]},
			"faces": {
				"north": {"uv": [0, 1.33333, 12, 2.66667], "texture": "#0"},
				"east": {"uv": [12, 1.33333, 13.33333, 2.66667], "texture": "#0"},
				"south": {"uv": [0, 1.33333, 12, 2.66667], "texture": "#0"},
				"west": {"uv": [0, 0, 1, 1], "texture": "#0"},
				"up": {"uv": [0, 1.33333, 12, 2.66667], "texture": "#0"},
				"down": {"uv": [0, 0, 9, 1], "texture": "#0"}
			}
		},
		{
			"from": [7, 9.7, 3],
			"to": [9, 10.7, 4],
			"rotation": {"angle": 0, "axis": "y", "origin": [7, 7.7, 2]},
			"faces": {
				"north": {"uv": [6.66667, 0, 9.33333, 1.33333], "texture": "#0"},
				"east": {"uv": [6.66667, 0, 8, 1.33333], "texture": "#0"},
				"south": {"uv": [9.33333, 0, 6.66663, 1.33333], "texture": "#0"},
				"west": {"uv": [8, 0, 9.33333, 1.33333], "texture": "#0"},
				"up": {"uv": [9.33333, 0, 6.66663, 1.33333], "texture": "#0"},
				"down": {"uv": [0, 0, 2, 1], "texture": "#0"}
			}
		},
		{
			"from": [7, 9.7, 12],
			"to": [9, 10.7, 13],
			"rotation": {"angle": 0, "axis": "y", "origin": [7, 7.7, 11]},
			"faces": {
				"north": {"uv": [9.33333, 0, 6.66663, 1.33333], "texture": "#0"},
				"east": {"uv": [8, 0, 9.33333, 1.33333], "texture": "#0"},
				"south": {"uv": [6.66667, 0, 9.33337, 1.33333], "texture": "#0"},
				"west": {"uv": [6.66667, 0, 8, 1.33333], "texture": "#0"},
				"up": {"uv": [6.66667, 0, 9.33337, 1.33333], "texture": "#0"},
				"down": {"uv": [0, 0, 2, 1], "texture": "#0"}
			}
		},
		{
			"from": [12, 9.7, 7],
			"to": [13, 10.7, 9],
			"rotation": {"angle": 0, "axis": "y", "origin": [14, 7.7, 7]},
			"faces": {
				"north": {"uv": [8, 0, 9.33333, 1.33333], "texture": "#0"},
				"east": {"uv": [6.66667, 0, 9.33337, 1.33333], "texture": "#0"},
				"south": {"uv": [6.66667, 0, 8, 1.33333], "texture": "#0"},
				"west": {"uv": [9.33333, 0, 6.66663, 1.33333], "texture": "#0"},
				"up": {"uv": [13.33333, 13.33333, 14.66667, 16], "texture": "#0"},
				"down": {"uv": [0, 0, 2, 1], "rotation": 270, "texture": "#0"}
			}
		},
		{
			"from": [3, 9.7, 7],
			"to": [4, 10.7, 9],
			"rotation": {"angle": 0, "axis": "y", "origin": [5, 7.7, 7]},
			"faces": {
				"north": {"uv": [6.66667, 0, 8, 1.33333], "texture": "#0"},
				"east": {"uv": [9.33333, 0, 6.66663, 1.33333], "texture": "#0"},
				"south": {"uv": [8, 0, 9.33333, 1.33333], "texture": "#0"},
				"west": {"uv": [6.66667, 0, 9.33333, 1.33333], "texture": "#0"},
				"up": {"uv": [14.66667, 13.33333, 16, 16], "texture": "#0"},
				"down": {"uv": [14.66667, 13.33333, 16, 16], "texture": "#0"}
			}
		},
		{
			"from": [3, 9.7, 3],
			"to": [5, 10.7, 4],
			"rotation": {"angle": 0, "axis": "y", "origin": [3, 7.7, 2]},
			"faces": {
				"north": {"uv": [10.66667, 0, 13.33333, 1.33333], "texture": "#0"},
				"east": {"uv": [10.66667, 0, 12, 1.33333], "texture": "#0"},
				"south": {"uv": [13.33333, 0, 10.66663, 1.33333], "texture": "#0"},
				"west": {"uv": [12, 0, 13.33333, 1.33333], "texture": "#0"},
				"up": {"uv": [13.33333, 0, 10.66663, 1.33333], "texture": "#0"},
				"down": {"uv": [0, 0, 2, 1], "texture": "#0"}
			}
		},
		{
			"from": [3, 9.7, 12],
			"to": [5, 10.7, 13],
			"rotation": {"angle": 0, "axis": "y", "origin": [3, 7.7, 11]},
			"faces": {
				"north": {"uv": [10.6667, 0, 13.33333, 1.33333], "texture": "#0"},
				"east": {"uv": [1.33333, 0, 2.66667, 1.33333], "texture": "#0"},
				"south": {"uv": [13.33333, 0, 10.66663, 1.33333], "texture": "#0"},
				"west": {"uv": [0, 0, 1.33333, 1.33333], "texture": "#0"},
				"up": {"uv": [13.33333, 0, 10.66663, 1.33333], "texture": "#0"},
				"down": {"uv": [13.33333, 0, 10.66663, 1.33333], "texture": "#0"}
			}
		},
		{
			"from": [3, 9.7, 4],
			"to": [4, 10.7, 5],
			"rotation": {"angle": 0, "axis": "y", "origin": [3, 7.7, 3]},
			"faces": {
				"north": {"uv": [1.33333, 0, 2.66667, 1.33333], "texture": "#0"},
				"east": {"uv": [1.33333, 0, 2.66667, 1.33333], "texture": "#0"},
				"south": {"uv": [1.33333, 0, 2.66667, 1.33333], "texture": "#0"},
				"west": {"uv": [1.33333, 0, 2.66667, 1.33333], "texture": "#0"},
				"up": {"uv": [1.33333, 0, 2.66667, 1.33333], "texture": "#0"},
				"down": {"uv": [0, 0, 1, 1], "texture": "#0"}
			}
		},
		{
			"from": [3, 9.7, 11],
			"to": [4, 10.7, 12],
			"rotation": {"angle": 0, "axis": "y", "origin": [3, 7.7, 10]},
			"faces": {
				"north": {"uv": [1.33333, 0, 2.66667, 1.33333], "texture": "#0"},
				"east": {"uv": [1.33333, 0, 2.66667, 1.33333], "texture": "#0"},
				"south": {"uv": [1.33333, 0, 2.66667, 1.33333], "texture": "#0"},
				"west": {"uv": [1.33333, 0, 2.66667, 1.33333], "texture": "#0"},
				"up": {"uv": [1.33333, 0, 2.66667, 1.33333], "texture": "#0"},
				"down": {"uv": [1.33333, 0, 2.66667, 1.33333], "texture": "#0"}
			}
		},
		{
			"from": [12, 9.7, 4],
			"to": [13, 10.7, 5],
			"rotation": {"angle": 0, "axis": "y", "origin": [12, 7.7, 3]},
			"faces": {
				"north": {"uv": [1.33333, 0, 2.66667, 1.33333], "texture": "#0"},
				"east": {"uv": [1.33333, 0, 2.66667, 1.33333], "texture": "#0"},
				"south": {"uv": [1.33333, 0, 2.66667, 1.33333], "texture": "#0"},
				"west": {"uv": [1.33333, 0, 2.66667, 1.33333], "texture": "#0"},
				"up": {"uv": [1.33333, 0, 2.66667, 1.33333], "texture": "#0"},
				"down": {"uv": [1.33333, 0, 2.66667, 1.33333], "texture": "#0"}
			}
		},
		{
			"from": [12, 9.7, 11],
			"to": [13, 10.7, 12],
			"rotation": {"angle": 0, "axis": "y", "origin": [12, 7.7, 10]},
			"faces": {
				"north": {"uv": [1.33333, 0, 2.66667, 1.33333], "texture": "#0"},
				"east": {"uv": [1.33333, 0, 2.66667, 1.33333], "texture": "#0"},
				"south": {"uv": [1.33333, 0, 2.66667, 1.33333], "texture": "#0"},
				"west": {"uv": [1.33333, 0, 2.66667, 1.33333], "texture": "#0"},
				"up": {"uv": [1.33333, 0, 2.66667, 1.33333], "texture": "#0"},
				"down": {"uv": [1.33333, 0, 2.66667, 1.33333], "texture": "#0"}
			}
		},
		{
			"from": [11, 9.7, 3],
			"to": [13, 10.7, 4],
			"rotation": {"angle": 0, "axis": "y", "origin": [11, 7.7, 2]},
			"faces": {
				"north": {"uv": [0, 0, 2.66667, 1.33333], "texture": "#0"},
				"east": {"uv": [0, 0, 1.33333, 1.33333], "texture": "#0"},
				"south": {"uv": [2.66667, 0, 0, 1.33333], "texture": "#0"},
				"west": {"uv": [1.33333, 0, 2.66667, 1.33333], "texture": "#0"},
				"up": {"uv": [2.66667, 0, 0, 1.33333], "texture": "#0"},
				"down": {"uv": [0, 0, 2, 1], "texture": "#0"}
			}
		},
		{
			"from": [11, 9.7, 12],
			"to": [13, 10.7, 13],
			"rotation": {"angle": 0, "axis": "y", "origin": [11, 7.7, 11]},
			"faces": {
				"north": {"uv": [13.33333, 0, 10.66663, 1.33333], "texture": "#0"},
				"east": {"uv": [12, 0, 13.33333, 1.33333], "texture": "#0"},
				"south": {"uv": [10.66667, 0, 13.33337, 1.33333], "texture": "#0"},
				"west": {"uv": [10.66667, 0, 12, 1.33333], "texture": "#0"},
				"up": {"uv": [10.66667, 0, 13.33337, 1.33333], "texture": "#0"},
				"down": {"uv": [0, 0, 2, 1], "texture": "#0"}
			}
		},
		{
			"from": [3.5, 6.7, 3],
			"to": [13, 8.7, 3.5],
			"rotation": {"angle": 0, "axis": "y", "origin": [7, 5.7, 2]},
			"faces": {
				"north": {"uv": [0, 2.66667, 12.66667, 5.33333], "texture": "#0"},
				"east": {"uv": [12.66667, 2.66667, 13.33333, 5.33333], "texture": "#0"},
				"south": {"uv": [0, 2.66667, 12.66667, 5.33333], "texture": "#0"},
				"west": {"uv": [12.66667, 2.66667, 13.33333, 5.33333], "texture": "#0"},
				"up": {"uv": [0.66667, 0, 13.33333, 1.33333], "texture": "#0"},
				"down": {"uv": [0.66667, 4, 13.33333, 5.33333], "texture": "#0"}
			}
		},
		{
			"from": [3, 8.7, 3],
			"to": [4, 9.7, 12],
			"rotation": {"angle": 0, "axis": "y", "origin": [2, 6.7, 9]},
			"faces": {
				"north": {"uv": [12, 1.33333, 13.33333, 2.66667], "texture": "#0"},
				"east": {"uv": [0, 1.33333, 12, 2.66667], "texture": "#0"},
				"south": {"uv": [0, 0, 1, 1], "texture": "#0"},
				"west": {"uv": [0, 1.33333, 12, 2.66667], "texture": "#0"},
				"up": {"uv": [12, 4, 13.33333, 16], "texture": "#0"},
				"down": {"uv": [0, 0, 9, 1], "rotation": 90, "texture": "#0"}
			}
		},
		{
			"from": [3, 6.7, 3],
			"to": [3.5, 8.7, 12.5],
			"rotation": {"angle": 0, "axis": "y", "origin": [2, 5.7, 9]},
			"faces": {
				"north": {"uv": [12, 2.66667, 12.66667, 5.33333], "texture": "#0"},
				"east": {"uv": [0, 2.66667, 12.66667, 5.33333], "texture": "#0"},
				"south": {"uv": [0, 0, 0.5, 2], "texture": "#0"},
				"west": {"uv": [0, 2.66667, 12.66667, 5.33333], "texture": "#0"},
				"up": {"uv": [0, 0, 9.5, 0.5], "rotation": 270, "texture": "#0"},
				"down": {"uv": [10.66667, 3.33333, 12, 16], "texture": "#0"}
			}
		},
		{
			"from": [3, 8.7, 12],
			"to": [12, 9.7, 13],
			"rotation": {"angle": 0, "axis": "y", "origin": [9, 6.7, 14]},
			"faces": {
				"north": {"uv": [0, 1.33333, 12, 2.66667], "texture": "#0"},
				"east": {"uv": [0, 0, 1, 1], "texture": "#0"},
				"south": {"uv": [0, 1.33333, 12, 2.66667], "texture": "#0"},
				"west": {"uv": [12, 1.33333, 13.33333, 2.66667], "texture": "#0"},
				"up": {"uv": [12, 4, 13.33333, 16], "texture": "#0"},
				"down": {"uv": [0, 0, 9, 1], "rotation": 180, "texture": "#0"}
			}
		},
		{
			"from": [3, 6.7, 12.5],
			"to": [12.5, 8.7, 13],
			"rotation": {"angle": 0, "axis": "y", "origin": [9, 5.7, 14]},
			"faces": {
				"north": {"uv": [0, 2.66667, 12.66667, 5.33333], "texture": "#0"},
				"east": {"uv": [0, 0, 0.5, 2], "texture": "#0"},
				"south": {"uv": [0, 2.66667, 12.66667, 5.33333], "texture": "#0"},
				"west": {"uv": [12, 2.66667, 12.66667, 5.33333], "texture": "#0"},
				"up": {"uv": [0, 0, 9.5, 0.5], "rotation": 180, "texture": "#0"},
				"down": {"uv": [0.66667, 4, 13.33333, 5.33333], "texture": "#0"}
			}
		},
		{
			"from": [12, 8.7, 4],
			"to": [13, 9.7, 13],
			"rotation": {"angle": 0, "axis": "y", "origin": [14, 6.7, 7]},
			"faces": {
				"north": {"uv": [0, 0, 1, 1], "texture": "#0"},
				"east": {"uv": [0, 1.33333, 12, 2.66667], "texture": "#0"},
				"south": {"uv": [12, 1.33333, 13.33333, 2.66667], "texture": "#0"},
				"west": {"uv": [0, 1.33333, 12, 2.66667], "texture": "#0"},
				"up": {"uv": [12, 4, 13.33333, 16], "texture": "#0"},
				"down": {"uv": [0, 0, 9, 1], "rotation": 270, "texture": "#0"}
			}
		},
		{
			"from": [12.5, 6.7, 3.5],
			"to": [13, 8.7, 13],
			"rotation": {"angle": 0, "axis": "y", "origin": [14, 5.7, 7]},
			"faces": {
				"north": {"uv": [0, 2.66667, 0.66667, 5.33333], "texture": "#0"},
				"east": {"uv": [0, 2.66667, 12.66667, 5.33333], "texture": "#0"},
				"south": {"uv": [12, 2.66667, 12.66667, 5.33333], "texture": "#0"},
				"west": {"uv": [0, 2.66667, 12.66667, 5.33333], "texture": "#0"},
				"up": {"uv": [0, 0, 9.5, 0.5], "rotation": 90, "texture": "#0"},
				"down": {"uv": [10.66667, 3.33333, 12, 16], "texture": "#0"}
			}
		},
		{
			"from": [4, 8.2, 4],
			"to": [12, 9.2, 12],
			"rotation": {"angle": 0, "axis": "y", "origin": [6, 8.2, 7]},
			"faces": {
				"north": {"uv": [0, 5.33333, 10.66667, 16], "texture": "#0"},
				"east": {"uv": [0, 0, 8, 1], "texture": "#0"},
				"south": {"uv": [0, 5.33333, 10.66667, 16], "texture": "#0"},
				"west": {"uv": [0, 0, 8, 1], "texture": "#0"},
				"up": {"uv": [0, 5.33333, 10.66667, 16], "texture": "#0"},
				"down": {"uv": [0, 5.33333, 10.66667, 16], "texture": "#0"}
			}
		},
		{
			"from": [3.5, 7.2, 3.5],
			"to": [4, 8.7, 12],
			"rotation": {"angle": 0, "axis": "y", "origin": [2.5, 5.7, 9]},
			"faces": {
				"north": {"uv": [0, 0, 0.5, 1.5], "texture": "#0"},
				"east": {"uv": [0, 5.33333, 8, 6.66667], "texture": "#0"},
				"south": {"uv": [0, 0, 0.5, 1.5], "texture": "#0"},
				"west": {"uv": [0, 0, 8.5, 1.5], "texture": "#0"},
				"up": {"uv": [0, 5.33333, 1.33333, 14.66667], "rotation": 180, "texture": "#0"},
				"down": {"uv": [0, 5.33333, 1.33333, 14.66667], "rotation": 180, "texture": "#0"}
			}
		},
		{
			"from": [4, 7.2, 3.5],
			"to": [12.5, 8.7, 4],
			"rotation": {"angle": 0, "axis": "y", "origin": [7, 5.7, 2.5]},
			"faces": {
				"north": {"uv": [0, 0, 8.5, 1.5], "texture": "#0"},
				"east": {"uv": [0, 0, 0.5, 1.5], "texture": "#0"},
				"south": {"uv": [0, 5.33333, 8, 6.66667], "texture": "#0"},
				"west": {"uv": [0, 0, 0.5, 1.5], "texture": "#0"},
				"up": {"uv": [1.33333, 5.33333, 10.66667, 6.66667], "texture": "#0"},
				"down": {"uv": [1.33333, 5.33333, 10.66667, 6.66667], "rotation": 180, "texture": "#0"}
			}
		},
		{
			"from": [3.5, 7.2, 12],
			"to": [12, 8.7, 12.5],
			"rotation": {"angle": 0, "axis": "y", "origin": [9, 5.7, 13.5]},
			"faces": {
				"north": {"uv": [0, 5.33333, 8, 6.66667], "texture": "#0"},
				"east": {"uv": [0, 0, 0.5, 1.5], "texture": "#0"},
				"south": {"uv": [0, 0, 8.5, 1.5], "texture": "#0"},
				"west": {"uv": [0, 0, 0.5, 1.5], "texture": "#0"},
				"up": {"uv": [0, 14.66667, 9.33333, 16], "rotation": 180, "texture": "#0"},
				"down": {"uv": [0, 14.66667, 9.33333, 16], "rotation": 180, "texture": "#0"}
			}
		},
		{
			"from": [12, 7.2, 4],
			"to": [12.5, 8.7, 12.5],
			"rotation": {"angle": 0, "axis": "y", "origin": [13.5, 5.7, 7]},
			"faces": {
				"north": {"uv": [0, 0, 0.5, 1.5], "texture": "#0"},
				"east": {"uv": [0, 0, 8.5, 1.5], "texture": "#0"},
				"south": {"uv": [0, 0, 0.5, 1.5], "texture": "#0"},
				"west": {"uv": [0, 5.33333, 8, 6.66667], "texture": "#0"},
				"up": {"uv": [9.33333, 6.66667, 10.66667, 16], "rotation": 180, "texture": "#0"},
				"down": {"uv": [9.33333, 6.66667, 10.66667, 16], "rotation": 180, "texture": "#0"}
			}
		},
		{
			"from": [6.6, 8.65, 2.85],
			"to": [8.6, 10.65, 3],
			"rotation": {"angle": -45, "axis": "z", "origin": [6.6, 8.65, 2]},
			"faces": {
				"north": {"uv": [13.33333, 5.33333, 16, 8], "texture": "#0"},
				"east": {"uv": [14.11667, 5.33333, 14.26667, 8], "texture": "#0"},
				"south": {"uv": [13.33333, 5.33333, 16, 8], "texture": "#0"},
				"west": {"uv": [15.45, 5.33333, 15.6, 8], "texture": "#0"},
				"up": {"uv": [16, 6.4, 13.33333, 6.26667], "texture": "#0"},
				"down": {"uv": [16, 7.2, 13.33333, 7.06667], "texture": "#0"}
			}
		},
		{
			"from": [6.85, 9.65, 2.8],
			"to": [7.85, 10.65, 2.85],
			"rotation": {"angle": -45, "axis": "z", "origin": [5.85, 8.65, 1.85]},
			"faces": {
				"north": {"uv": [13.33333, 10.66667, 14.66667, 12], "texture": "#0"},
				"east": {"uv": [13.33333, 10.66667, 14.66667, 12], "texture": "#0"},
				"south": {"uv": [13.33333, 10.66667, 14.66667, 12], "texture": "#0"},
				"west": {"uv": [13.33333, 10.66667, 14.66667, 12], "texture": "#0"},
				"up": {"uv": [13.33333, 10.66667, 14.66667, 12], "texture": "#0"},
				"down": {"uv": [13.33333, 10.66667, 14.66667, 12], "texture": "#0"}
			}
		},
		{
			"from": [3, 7.25, 2.9],
			"to": [4, 8.25, 3.05],
			"rotation": {"angle": -45, "axis": "z", "origin": [5, 6.25, 2.9]},
			"faces": {
				"north": {"uv": [14, 8.66667, 15.33333, 10], "rotation": 90, "texture": "#0"},
				"east": {"uv": [14, 9.66667, 15.33333, 10.33333], "rotation": 90, "texture": "#0"},
				"south": {"uv": [0, 0, 1, 1], "rotation": 270, "texture": "#0"},
				"west": {"uv": [14, 8.33333, 15.33333, 9], "rotation": 90, "texture": "#0"},
				"up": {"uv": [13.66667, 10, 14.33333, 8.6667], "rotation": 90, "texture": "#0"},
				"down": {"uv": [15, 10, 15.66667, 8.6667], "rotation": 90, "texture": "#0"}
			}
		},
		{
			"from": [2.9, 9.4, 6.9],
			"to": [3.05, 10.4, 7.9],
			"rotation": {"angle": 45, "axis": "x", "origin": [2.9, 8.4, 5.9]},
			"faces": {
				"north": {"uv": [15.33333, 4.33333, 14.00003, 5], "rotation": 90, "texture": "#0"},
				"east": {"uv": [15.33333, 3.33333, 14.00003, 4.66667], "rotation": 90, "texture": "#0"},
				"south": {"uv": [15.33333, 3, 14.00003, 3.66667], "rotation": 90, "texture": "#0"},
				"west": {"uv": [15.33333, 3.33333, 14.00003, 4.66667], "rotation": 90, "texture": "#0"},
				"up": {"uv": [14, 3, 15.3333, 3.66667], "rotation": 90, "texture": "#0"},
				"down": {"uv": [15.33333, 4.33333, 14.00003, 5], "rotation": 90, "texture": "#0"}
			}
		},
		{
			"from": [2.9, 9.4, 3.9],
			"to": [3.05, 10.4, 4.9],
			"rotation": {"angle": 45, "axis": "x", "origin": [2.9, 8.4, 2.9]},
			"faces": {
				"north": {"uv": [15.33333, 1.66667, 14.00003, 2.33333], "rotation": 90, "texture": "#0"},
				"east": {"uv": [15.33333, 0.66667, 14.00003, 2], "rotation": 90, "texture": "#0"},
				"south": {"uv": [15.33333, 0.33333, 14.00003, 1], "rotation": 90, "texture": "#0"},
				"west": {"uv": [15.33333, 0.66667, 14.00003, 2], "rotation": 90, "texture": "#0"},
				"up": {"uv": [14, 0.33333, 15.3333, 1], "rotation": 90, "texture": "#0"},
				"down": {"uv": [15.33333, 1.66667, 14.00003, 2.33333], "rotation": 90, "texture": "#0"}
			}
		},
		{
			"from": [2.9, 9.4, 9.9],
			"to": [3.05, 10.4, 10.9],
			"rotation": {"angle": 45, "axis": "x", "origin": [2.9, 8.4, 8.9]},
			"faces": {
				"north": {"uv": [15.33333, 9.66667, 14.00003, 10.33333], "rotation": 90, "texture": "#0"},
				"east": {"uv": [15.33333, 8.66667, 14.00003, 10], "rotation": 90, "texture": "#0"},
				"south": {"uv": [15.33333, 8.33333, 14.00003, 9], "rotation": 90, "texture": "#0"},
				"west": {"uv": [15.33333, 8.66667, 14.00003, 10], "rotation": 90, "texture": "#0"},
				"up": {"uv": [14, 8.33333, 15.3333, 9], "rotation": 90, "texture": "#0"},
				"down": {"uv": [15.33333, 9.66667, 14.00003, 10.33333], "rotation": 90, "texture": "#0"}
			}
		},
		{
			"from": [12.9, 9.4, 3.9],
			"to": [13.05, 10.4, 4.9],
			"rotation": {"angle": 45, "axis": "x", "origin": [12.9, 8.4, 2.9]},
			"faces": {
				"north": {"uv": [14, 1, 15.33333, 0.33337], "rotation": 90, "texture": "#0"},
				"east": {"uv": [14, 0.66667, 15.33333, 2], "rotation": 90, "texture": "#0"},
				"south": {"uv": [14, 2.33333, 15.33333, 1.6667], "rotation": 90, "texture": "#0"},
				"west": {"uv": [14, 0.66667, 15.33333, 2], "rotation": 90, "texture": "#0"},
				"up": {"uv": [15.33333, 2.33333, 14.00003, 1.6667], "rotation": 90, "texture": "#0"},
				"down": {"uv": [14, 1, 15.3333, 0.33337], "rotation": 90, "texture": "#0"}
			}
		},
		{
			"from": [12.9, 9.4, 6.9],
			"to": [13.05, 10.4, 7.9],
			"rotation": {"angle": 45, "axis": "x", "origin": [12.9, 8.4, 5.9]},
			"faces": {
				"north": {"uv": [14, 9, 15.33333, 8.33337], "rotation": 90, "texture": "#0"},
				"east": {"uv": [14, 8.66667, 15.33333, 10], "rotation": 90, "texture": "#0"},
				"south": {"uv": [14, 10.33333, 15.33333, 9.6667], "rotation": 90, "texture": "#0"},
				"west": {"uv": [14, 8.66667, 15.33333, 10], "rotation": 90, "texture": "#0"},
				"up": {"uv": [15.33333, 10.33333, 14.00003, 9.6667], "rotation": 90, "texture": "#0"},
				"down": {"uv": [14, 9, 15.3333, 8.33337], "rotation": 90, "texture": "#0"}
			}
		},
		{
			"from": [12.9, 9.4, 9.9],
			"to": [13.05, 10.4, 10.9],
			"rotation": {"angle": 45, "axis": "x", "origin": [12.9, 8.4, 8.9]},
			"faces": {
				"north": {"uv": [14, 3.66667, 15.33333, 3.00003], "rotation": 90, "texture": "#0"},
				"east": {"uv": [14, 3.33333, 15.33333, 4.66667], "rotation": 90, "texture": "#0"},
				"south": {"uv": [14, 5, 15.33333, 4.33337], "rotation": 90, "texture": "#0"},
				"west": {"uv": [14, 3.33333, 15.33333, 4.66667], "rotation": 90, "texture": "#0"},
				"up": {"uv": [15.33333, 5, 14.00003, 4.33337], "rotation": 90, "texture": "#0"},
				"down": {"uv": [14, 3.66667, 15.3333, 3.00003], "rotation": 90, "texture": "#0"}
			}
		},
		{
			"from": [3, 7.25, 12.9],
			"to": [4, 8.25, 13.05],
			"rotation": {"angle": -45, "axis": "z", "origin": [5, 6.25, 12.9]},
			"faces": {
				"north": {"uv": [15.33333, 3.33333, 14.00003, 4.66667], "rotation": 90, "texture": "#0"},
				"east": {"uv": [15.33333, 3, 14.00003, 3.66667], "rotation": 90, "texture": "#0"},
				"south": {"uv": [15.33333, 3.33333, 14.00003, 4.66667], "rotation": 90, "texture": "#0"},
				"west": {"uv": [15.33333, 4.33333, 14.00003, 5], "rotation": 90, "texture": "#0"},
				"up": {"uv": [15.66667, 3.33333, 15.00003, 4.66667], "rotation": 90, "texture": "#0"},
				"down": {"uv": [14.33333, 3.33333, 13.6667, 4.66667], "rotation": 90, "texture": "#0"}
			}
		},
		{
			"from": [9, 7.25, 12.9],
			"to": [10, 8.25, 13.05],
			"rotation": {"angle": -45, "axis": "z", "origin": [11, 6.25, 12.9]},
			"faces": {
				"north": {"uv": [15.33333, 8.66667, 14.00003, 10], "rotation": 90, "texture": "#0"},
				"east": {"uv": [15.33333, 8.33333, 14.00003, 9], "rotation": 90, "texture": "#0"},
				"south": {"uv": [15.33333, 8.66667, 14.00003, 10], "rotation": 90, "texture": "#0"},
				"west": {"uv": [15.33333, 9.66667, 14.00003, 10.33333], "rotation": 90, "texture": "#0"},
				"up": {"uv": [15.66667, 8.66667, 15.00003, 10], "rotation": 90, "texture": "#0"},
				"down": {"uv": [14.33333, 8.66667, 13.6667, 10], "rotation": 90, "texture": "#0"}
			}
		},
		{
			"from": [6, 7.25, 12.9],
			"to": [7, 8.25, 13.05],
			"rotation": {"angle": -45, "axis": "z", "origin": [8, 6.25, 12.9]},
			"faces": {
				"north": {"uv": [15.33333, 0.66667, 14.00003, 2], "rotation": 90, "texture": "#0"},
				"east": {"uv": [15.33333, 0.33333, 14.00003, 1], "rotation": 90, "texture": "#0"},
				"south": {"uv": [15.33333, 0.66667, 14.00003, 2], "rotation": 90, "texture": "#0"},
				"west": {"uv": [15.33333, 1.66667, 14.00003, 2.33333], "rotation": 90, "texture": "#0"},
				"up": {"uv": [15.66667, 0.66667, 15.00003, 2], "rotation": 90, "texture": "#0"},
				"down": {"uv": [14.33333, 0.66667, 13.6667, 2], "rotation": 90, "texture": "#0"}
			}
		},
		{
			"from": [9, 7.25, 2.9],
			"to": [10, 8.25, 3.05],
			"rotation": {"angle": -45, "axis": "z", "origin": [11, 6.25, 2.9]},
			"faces": {
				"north": {"uv": [14, 3.33333, 15.33333, 4.66667], "rotation": 90, "texture": "#0"},
				"east": {"uv": [14, 4.33333, 15.33333, 5], "rotation": 90, "texture": "#0"},
				"south": {"uv": [14, 3.33333, 15.33333, 4.66667], "rotation": 90, "texture": "#0"},
				"west": {"uv": [14, 3, 15.33333, 3.66667], "rotation": 90, "texture": "#0"},
				"up": {"uv": [13.66667, 4.66667, 14.33333, 3.33337], "rotation": 90, "texture": "#0"},
				"down": {"uv": [15, 4.66667, 15.66667, 3.33337], "rotation": 90, "texture": "#0"}
			}
		}
	],
	"display": {
		"thirdperson_righthand": {
			"translation": [0, 0.5, 0],
			"scale": [0.5, 0.5, 0.5]
		},
		"thirdperson_lefthand": {
			"translation": [0, 0.5, 0],
			"scale": [0.5, 0.5, 0.5]
		},
		"firstperson_righthand": {
			"translation": [0, 1, -0.25],
			"scale": [0.8, 0.8, 0.8]
		},
		"firstperson_lefthand": {
			"translation": [0, 1, -0.25],
			"scale": [0.8, 0.8, 0.8]
		},
		"gui": {
			"rotation": [30, -135, 0],
			"translation": [0.25, -0.5, 0]
		},
		"head": {
			"translation": [0, 4.95, 0],
			"scale": [1.6, 1.6, 1.6]
		},
		"fixed": {
			"rotation": [-90, 0, 0]
		}
	},
	"groups": [
		{
			"name": "gold",
			"origin": [8, 8, 8],
			"color": 0,
			"children": [0, 1, 2, 3, 4, 5, 6, 7, 8, 9, 10, 11, 12, 13, 14, 15, 16, 17, 18, 19]
		},
		{
			"name": "cushion",
			"origin": [14, 6.7, 7],
			"color": 0,
			"children": [20, 21, 22, 23, 24]
		},
		{
			"name": "gems",
			"origin": [8, 8, 8],
			"color": 0,
			"children": [25, 26, 27, 28, 29, 30, 31, 32, 33, 34, 35, 36, 37]
		}
	]
}